{"Electron_charge": 1.9999999496643222, "Electron_convVeto": 1.499999919162426, "Electron_deltaEtaSC": 1.5101353736505636, "Electron_dr03EcalRecHitSumEt": 13.431998775888513, "Electron_dr03HcalDepth1TowerSumEt": 13.423110142109055, "Electron_dr03TkSumPt": 13.984695975385812, "Electron_dr03TkSumPtHEEP": 13.832671516280588, "Electron_dxy": 1.5690850985187057, "Electron_dxyErr": 6.520438893187825, "Electron_dz": 1.5688462987974057, "Electron_dzErr": 6.319365226276585, "Electron_eInvMinusPInv": 1.5511065639840165, "Electron_energyErr": 6.192362489474872, "Electron_etaMinusGen": 1.4055420081383219, "Electron_hoe": 7.416762845861977, "Electron_ip3d": 6.906358339971438, "Electron_isPFcand": 1.4999994843802682, "Electron_jetPtRelv2": 7.029087564149662, "Electron_jetRelIso": 12.112006136491068, "Electron_lostHits": 7.9719160235694035, "Electron_miniPFRelIso_all": 7.3647010939758815, "Electron_miniPFRelIso_chg": 7.414339619048259, "Electron_mvaFall17V2Iso": 1.0, "Electron_mvaFall17V2Iso_WP80": 1.4999998268926125, "Electron_mvaFall17V2Iso_WP90": 1.4999994238085312, "Electron_mvaFall17V2Iso_WPL": 1.4999999925787235, "Electron_mvaFall17V2noIso": 1.0, "Electron_mvaFall17V2noIso_WP80": 1.4999996075012243, "Electron_mvaFall17V2noIso_WP90": 1.4999997556799012, "Electron_mvaFall17V2noIso_WPL": 1.499999774189122, "Electron_mvaTTH": 0.999969482421875, "Electron_pfRelIso03_all": 7.352889546082424, "Electron_pfRelIso03_chg": 7.3665055688457475, "Electron_phiMinusGen": 1.4053435694298335, "Electron_ptRatio": 1.499998688697815, "Electron_r9": 4.740662155425248, "Electron_seedGain": 12.49999984132712, "Electron_sieie": 2.3025850929940455, "Electron_sip3d": 9.276221741089696, "Electron_tightCharge": 2.499999583654395}