{"Electron_convVeto": [0.0, 1.0], "Electron_deltaEtaSC": [-1.765622512633789, 1.3916001970062992], "Electron_dr03EcalRecHitSumEt": [3.809109204271077e-10, 135.00004206464465], "Electron_dr03HcalDepth1TowerSumEt": [3.809109204271077e-10, 142.99998585871447], "Electron_dr03TkSumPt": [3.809109204271077e-10, 1052.0000208727], "Electron_dr03TkSumPtHEEP": [3.809109204271077e-10, 256.9999792038135], "Electron_dxy": [-8.445337437385929, 11.71865463665818], "Electron_dxyErr": [0.0009460448776906073, 2.9375002637136736], "Electron_dz": [-65.81033070976707, 48.029153731066586], "Electron_dzErr": [0.0009460448776906073, 9.62499947380554], "Electron_eInvMinusPInv": [-4.855472350896184, 1.395507147876515], "Electron_energyErr": [0.03906249685556281, 195.99997500053803], "Electron_etaMinusGen": [-0.2958984927715492, 0.2991408898411775], "Electron_hoe": [3.809109204271077e-10, 85.75001851612697], "Electron_ip3d": [3.442380903622864e-06, 24.031248822650703], "Electron_isPFcand": [0.0, 1.0], "Electron_jetPtRelv2": [0.0, 214.50002904244582], "Electron_jetRelIso": [-6.395087150806722e-11, 120.25001272784186], "Electron_lostHits": [0.0, 6.0], "Electron_miniPFRelIso_all": [3.809109204271077e-10, 76.8336882450045], "Electron_miniPFRelIso_chg": [3.809109204271077e-10, 40.326616400483125], "Electron_mvaFall17V1Iso": [-0.9999969005584717, 0.9981852173805237], "Electron_mvaFall17V1Iso_WP80": [0.0, 1.0], "Electron_mvaFall17V1Iso_WP90": [0.0, 1.0], "Electron_mvaFall17V1Iso_WPL": [0.0, 1.0], "Electron_mvaFall17V1noIso": [-0.999997615814209, 0.9971384406089783], "Electron_mvaFall17V1noIso_WP80": [0.0, 1.0], "Electron_mvaFall17V1noIso_WP90": [0.0, 1.0], "Electron_mvaFall17V1noIso_WPL": [0.0, 1.0], "Electron_mvaFall17V2Iso": [-1.0, 1.0], "Electron_mvaFall17V2Iso_WP80": [0.0, 1.0], "Electron_mvaFall17V2Iso_WP90": [0.0, 1.0], "Electron_mvaFall17V2Iso_WPL": [0.0, 1.0], "Electron_mvaFall17V2noIso": [-1.0, 1.0], "Electron_mvaFall17V2noIso_WP80": [0.0, 1.0], "Electron_mvaFall17V2noIso_WP90": [0.0, 1.0], "Electron_mvaFall17V2noIso_WPL": [0.0, 1.0], "Electron_mvaTTH": [-0.99993896484375, 0.97760009765625], "Electron_pfRelIso03_all": [3.809109204271077e-10, 77.87726363913563], "Electron_pfRelIso03_chg": [3.809109204271077e-10, 43.723269689307756], "Electron_phiMinusGen": [-0.2993165041427526, 0.29929857824178563], "Electron_ptRatio": [0.00936219886778758, 4.334194823553826], "Electron_r9": [0.12731931017573608, 43.87500018841777], "Electron_seedGain": [6.0, 12.0], "Electron_sieie": [-3.197543632649236e-10, 0.0902099609386588], "Electron_sip3d": [0.0010290146688563993, 9159.996390118738], "Electron_tightCharge": [0.0, 2.0], "Electron_charge": [-1.0, 1.0]}