{"Electron_charge": 1.9999998542394481, "Electron_convVeto": 1.4999997103792042, "Electron_deltaEtaSC": 1.5379665613453863, "Electron_dr03EcalRecHitSumEt": 13.535623838622008, "Electron_dr03HcalDepth1TowerSumEt": 13.929883957857871, "Electron_dr03TkSumPt": 13.160099898312586, "Electron_dr03TkSumPtHEEP": 13.733289304934573, "Electron_dxy": 1.5670205335289027, "Electron_dxyErr": 6.460140932531602, "Electron_dz": 1.5703752741881998, "Electron_dzErr": 6.298406425460137, "Electron_eInvMinusPInv": 1.5566692313540418, "Electron_energyErr": 6.0330862217988015, "Electron_etaMinusGen": 1.2489725141140946, "Electron_hoe": 7.3713035836759255, "Electron_ip3d": 6.903128014879046, "Electron_isPFcand": 1.4999994858445997, "Electron_jetPtRelv2": 6.98933526597456, "Electron_jetRelIso": 10.039533264127359, "Electron_lostHits": 8.381617267295697, "Electron_miniPFRelIso_all": 7.323043454005193, "Electron_miniPFRelIso_chg": 7.340424823415932, "Electron_mvaFall17V2Iso": 1.0, "Electron_mvaFall17V2Iso_WP80": 1.4999947268853313, "Electron_mvaFall17V2Iso_WP90": 1.4999700629243662, "Electron_mvaFall17V2Iso_WPL": 1.4999945837315942, "Electron_mvaFall17V2noIso": 1.0, "Electron_mvaFall17V2noIso_WP80": 1.4999302392464093, "Electron_mvaFall17V2noIso_WP90": 1.4999968440188405, "Electron_mvaFall17V2noIso_WPL": 1.4999962032297982, "Electron_mvaTTH": 0.999969482421875, "Electron_pfRelIso03_all": 7.3423070638437125, "Electron_pfRelIso03_chg": 7.37456859651373, "Electron_phiMinusGen": 1.2489725141140946, "Electron_ptRatio": 3.136694130244198, "Electron_r9": 4.504078324426818, "Electron_seedGain": 12.499999978790083, "Electron_sieie": 2.3025850929940455, "Electron_sip3d": 9.557116483735667, "Electron_tightCharge": 2.4999997057480554}