{"Jet_area": [0.039886474609375, 0.96728515625], "Jet_bRegCorr": [-1.02734375, 4.86328125], "Jet_bRegRes": [0.0013427734375, 1.140625], "Jet_btagCSVV2": [-10.0, 1.0], "Jet_btagDeepB": [-1.0, 0.99951171875], "Jet_btagDeepCvB": [-1.0, 0.9619140625], "Jet_btagDeepCvL": [-1.0, 0.9990234375], "Jet_btagDeepFlavB": [0.0008692741394042969, 0.99951171875], "Jet_btagDeepFlavCvB": [4.7119101509451866e-08, 0.986328125], "Jet_btagDeepFlavCvL": [0.01373291015625, 0.99951171875], "Jet_btagDeepFlavQG": [0.069580078125, 0.982421875], "Jet_cRegCorr": [-0.9248046875, 4.87109375], "Jet_cRegRes": [-0.015380859375, 0.8828125], "Jet_chEmEF": [0.0, 1.0], "Jet_chFPV0EF": [0.0, 8.25], "Jet_chHEF": [0.0, 1.0], "Jet_cleanmask": [0.0, 1.0], "Jet_etaMinusGen": [-0.39990234375, 0.39990234375], "Jet_hadronFlavour": [0.0, 5.0], "Jet_hfadjacentEtaStripsSize": [0.0, 5.0], "Jet_hfcentralEtaStripSize": [0.0, 4.0], "Jet_hfsigmaEtaEta": [-1.0, 0.423828125], "Jet_hfsigmaPhiPhi": [-1.0, 0.36328125], "Jet_jetId": [0.0, 6.0], "Jet_massRatio": [-167123312.0, 105176464.0], "Jet_muEF": [0.0, 1.0], "Jet_muonSubtrFactor": [-5.9138983488082886e-08, 0.9921875], "Jet_nConstituents": [1.0, 112.0], "Jet_nElectrons": [0.0, 5.0], "Jet_nMuons": [0.0, 10.0], "Jet_neEmEF": [0.0, 1.0], "Jet_neHEF": [0.0, 1.0], "Jet_partonFlavour": [-5.0, 21.0], "Jet_phiMinusGen": [-0.3997802734375, 0.39990234375], "Jet_ptRatio": [0.06904072314500809, 30.81690216064453], "Jet_puId": [0.0, 7.0], "Jet_puIdDisc": [-2.0, 0.9990234375], "Jet_qgl": [-1.0, 1.0], "Jet_rawFactor": [-2.0, 0.53125]}