{"Jet_area": 0.96728515625, "Jet_bRegCorr": 4.86328125, "Jet_bRegRes": 1.140625, "Jet_btagCSVV2": 1.000229835510254, "Jet_btagDeepB": 0.99951171875, "Jet_btagDeepCvB": 1.0031764507293701, "Jet_btagDeepCvL": 0.9990234375, "Jet_btagDeepFlavB": 0.99951171875, "Jet_btagDeepFlavCvB": 0.986328125, "Jet_btagDeepFlavCvL": 0.99951171875, "Jet_btagDeepFlavQG": 0.982421875, "Jet_cRegCorr": 4.87109375, "Jet_cRegRes": 0.8828125, "Jet_chEmEF": 1.051905870437622, "Jet_chFPV0EF": 8.25, "Jet_chHEF": 1.550798992821746, "Jet_cleanmask": 1.4999997826320626, "Jet_etaMinusGen": 0.39990234375, "Jet_hadronFlavour": 5.499999978808828, "Jet_hfadjacentEtaStripsSize": 4.897487273868169, "Jet_hfcentralEtaStripSize": 4.499408513604009, "Jet_hfsigmaEtaEta": 1.025968074798584, "Jet_hfsigmaPhiPhi": 1.0129526853561401, "Jet_jetId": 6.499999992578724, "Jet_mass": 241.625, "Jet_muEF": 1.0136046409606934, "Jet_muonSubtrFactor": 1.0006840229034424, "Jet_nConstituents": 111.74943024299048, "Jet_nElectrons": 5.447164009542097, "Jet_nMuons": 9.86804422035603, "Jet_neEmEF": 1.0, "Jet_neHEF": 1.0, "Jet_partonFlavour": 21.49999988913285, "Jet_phiMinusGen": 0.39990234375, "Jet_ptRatio": 4.9955339431762695, "Jet_puId": 7.4999998240590635, "Jet_puIdDisc": 2.0, "Jet_qgl": 1.0, "Jet_rawFactor": 2.0}