{"Jet_area": [0.0, 0.91748046875], "Jet_bRegCorr": [-0.216796875, 6.40234375], "Jet_bRegRes": [0.03076171875, 1.25], "Jet_btagCSVV2": [-10.0, 0.99951171875], "Jet_btagDeepB": [-1.0, 0.99951171875], "Jet_btagDeepCvB": [-1.0, 0.94482421875], "Jet_btagDeepCvL": [-1.0, 0.99755859375], "Jet_btagDeepFlavB": [0.0011987686157226562, 0.99951171875], "Jet_btagDeepFlavCvB": [9.308569133281708e-07, 0.984375], "Jet_btagDeepFlavCvL": [0.0149688720703125, 0.99951171875], "Jet_btagDeepFlavQG": [0.1224365234375, 0.9755859375], "Jet_cRegCorr": [-0.050262451171875, 5.80859375], "Jet_cRegRes": [0.03076171875, 1.1875], "Jet_chEmEF": [0.0, 1.0], "Jet_chFPV0EF": [0.0, 6.75], "Jet_chHEF": [0.0, 1.0], "Jet_cleanmask": [0.0, 1.0], "Jet_eta": [-5.28515625, 5.2373046875], "Jet_hadronFlavour": [0.0, 5.0], "Jet_hfadjacentEtaStripsSize": [0.0, 3.0], "Jet_hfcentralEtaStripSize": [0.0, 3.0], "Jet_hfsigmaEtaEta": [-1.0, 0.46533203125], "Jet_hfsigmaPhiPhi": [-1.0, 0.412109375], "Jet_jetId": [0.0, 6.0], "Jet_mass": [-0.015472412109375, 75.75], "Jet_muEF": [0.0, 1.0], "Jet_muonSubtrFactor": [-5.9138983488082886e-08, 0.9921875], "Jet_nConstituents": [1.0, 72.0], "Jet_nElectrons": [0.0, 3.0], "Jet_nMuons": [0.0, 6.0], "Jet_neEmEF": [0.0, 1.0], "Jet_neHEF": [0.0, 1.0], "Jet_partonFlavour": [-5.0, 21.0], "Jet_phi": [-3.1416015625, 3.1416015625], "Jet_pt": [15.0, 869.0], "Jet_puId": [0.0, 7.0], "Jet_puIdDisc": [-2.0, 0.9990234375], "Jet_qgl": [-1.0, 1.0], "Jet_rawFactor": [-2.3125, 0.5078125]}