{"Jet_area": 0.91748046875, "Jet_bRegCorr": 6.40234375, "Jet_bRegRes": 1.25, "Jet_btagCSVV2": 1.000229835510254, "Jet_btagDeepB": 1.0031764507293701, "Jet_btagDeepCvB": 1.051905870437622, "Jet_btagDeepCvL": 1.0020666122436523, "Jet_btagDeepFlavB": 0.99951171875, "Jet_btagDeepFlavCvB": 0.984375, "Jet_btagDeepFlavCvL": 0.99951171875, "Jet_btagDeepFlavQG": 0.9755859375, "Jet_cRegCorr": 5.80859375, "Jet_cRegRes": 1.1875, "Jet_chEmEF": 1.002179741859436, "Jet_chFPV0EF": 6.75, "Jet_chHEF": 1.550798992821746, "Jet_cleanmask": 1.4999999230866599, "Jet_eta": 5.28515625, "Jet_hadronFlavour": 5.499996509331025, "Jet_hfadjacentEtaStripsSize": 3.4775001058560053, "Jet_hfcentralEtaStripSize": 3.454210307209328, "Jet_hfsigmaEtaEta": 1.0388355255126953, "Jet_hfsigmaPhiPhi": 1.0017579793930054, "Jet_jetId": 6.4999997573513095, "Jet_mass": 75.75, "Jet_muEF": 1.0, "Jet_muonSubtrFactor": 1.0684627294540405, "Jet_nConstituents": 72.22781023072696, "Jet_nElectrons": 3.416097003710477, "Jet_nMuons": 6.263036775051077, "Jet_neEmEF": 1.0, "Jet_neHEF": 1.0, "Jet_partonFlavour": 21.499999607501223, "Jet_phi": 3.1416015625, "Jet_pt": 869.0, "Jet_puId": 7.49999922678978, "Jet_puIdDisc": 2.0, "Jet_qgl": 1.0, "Jet_rawFactor": 2.3125}