{"Jet_area": 0.96728515625, "Jet_bRegCorr": 4.86328125, "Jet_bRegRes": 1.140625, "Jet_btagCSVV2": 10.0, "Jet_btagDeepB": 1.0, "Jet_btagDeepCvB": 1.0, "Jet_btagDeepCvL": 1.0, "Jet_btagDeepFlavB": 0.99951171875, "Jet_btagDeepFlavCvB": 0.986328125, "Jet_btagDeepFlavCvL": 0.99951171875, "Jet_btagDeepFlavQG": 0.982421875, "Jet_cRegCorr": 4.87109375, "Jet_cRegRes": 0.8828125, "Jet_chEmEF": 1.0031764507293701, "Jet_chFPV0EF": 8.25, "Jet_chHEF": 1.550798992821746, "Jet_cleanmask": 1.4999999550041654, "Jet_etaMinusGen": 0.39990234375, "Jet_hadronFlavour": 5.499999861356458, "Jet_hfadjacentEtaStripsSize": 4.961518831499594, "Jet_hfcentralEtaStripSize": 4.471094533782783, "Jet_hfsigmaEtaEta": 1.0017579793930054, "Jet_hfsigmaPhiPhi": 1.025968074798584, "Jet_jetId": 6.499999912446134, "Jet_massRatio": 167123312.0, "Jet_muEF": 1.0136046409606934, "Jet_muonSubtrFactor": 1.0018186569213867, "Jet_nConstituents": 112.24034952302918, "Jet_nElectrons": 5.236226007066437, "Jet_nMuons": 9.854535697624543, "Jet_neEmEF": 1.0, "Jet_neHEF": 1.0, "Jet_partonFlavour": 21.499999930397273, "Jet_phiMinusGen": 0.39990234375, "Jet_ptRatio": 30.81690216064453, "Jet_puId": 7.499999945996863, "Jet_puIdDisc": 2.0, "Jet_qgl": 1.0, "Jet_rawFactor": 2.0}