{"Electron_charge": 1.9999999348693656, "Electron_convVeto": 1.4999999287528678, "Electron_deltaEtaSC": 1.5362155230740302, "Electron_dr03EcalRecHitSumEt": 13.176832210397773, "Electron_dr03HcalDepth1TowerSumEt": 13.566693055992648, "Electron_dr03TkSumPt": 13.175707961902992, "Electron_dr03TkSumPtHEEP": 13.46198102749107, "Electron_dxy": 1.5665154164911683, "Electron_dxyErr": 6.494871468560578, "Electron_dz": 1.5699595069065473, "Electron_dzErr": 6.298406425460137, "Electron_eInvMinusPInv": 1.5649463021228514, "Electron_energyErr": 7.0909098220799835, "Electron_etaMinusGen": 1.351989427687976, "Electron_hoe": 7.339030079264813, "Electron_ip3d": 6.902931505300811, "Electron_isPFcand": 1.499999665737525, "Electron_jetPtRelv2": 7.632885505395133, "Electron_jetRelIso": 12.112006136491068, "Electron_lostHits": 8.393396895755613, "Electron_miniPFRelIso_all": 7.313427799518535, "Electron_miniPFRelIso_chg": 7.387069305305356, "Electron_mvaFall17V2Iso": 1.0, "Electron_mvaFall17V2Iso_WP80": 1.499983628022453, "Electron_mvaFall17V2Iso_WP90": 1.4999957470129708, "Electron_mvaFall17V2Iso_WPL": 1.499986367732866, "Electron_mvaFall17V2noIso": 1.0, "Electron_mvaFall17V2noIso_WP80": 1.4999189343835182, "Electron_mvaFall17V2noIso_WP90": 1.4999757218990806, "Electron_mvaFall17V2noIso_WPL": 1.4999994580770026, "Electron_mvaTTH": 0.999969482421875, "Electron_pfRelIso03_all": 7.298777518091883, "Electron_pfRelIso03_chg": 7.346189647957984, "Electron_phiMinusGen": 1.351989427687976, "Electron_ptRatio": 4.691481352728634, "Electron_r9": 4.6238447262529, "Electron_seedGain": 12.499999955857922, "Electron_sieie": 2.3025850929940455, "Electron_sip3d": 9.54287630006159, "Electron_tightCharge": 2.499999960397453}