{"Muon_cleanmask": [0.0, 1.0], "Muon_highPtId": [0.0, 2.0], "Muon_highPurity": [0.0, 1.0], "Muon_inTimeMuon": [0.0, 1.0], "Muon_isStandalone": [0.0, 1.0], "Muon_looseId": [0.0, 1.0], "Muon_mediumPromptId": [0.0, 1.0], "Muon_miniIsoId": [0.0, 4.0], "Muon_multiIsoId": [0.0, 2.0], "Muon_mvaId": [0.0, 5.0], "Muon_mvaLowPtId": [2.0, 2.0], "Muon_nStations": [0.0, 5.0], "Muon_nTrackerLayers": [0.0, 18.0], "Muon_pfIsoId": [0.0, 6.0], "Muon_puppiIsoId": [0.0, 3.0], "Muon_tightCharge": [0.0, 2.0], "Muon_tightId": [0.0, 1.0], "Muon_tkIsoId": [0.0, 2.0], "Muon_triggerIdLoose": [0.0, 1.0], "Muon_etaMinusGen": [-0.2998046875, 0.29931640625], "Muon_phiMinusGen": [-0.29833984375, 0.298828125], "Muon_ptRatio": [0.4994422495365143, 1.5012500286102295], "Muon_dxy": [-15.1015625, 16.578125], "Muon_dxyErr": [0.00042724609375, 2.15625], "Muon_dxybs": [-15.1015625, 16.578125], "Muon_dz": [-74.25, 81.625], "Muon_dzErr": [0.00081634521484375, 752.0], "Muon_ip3d": [4.4796615839004517e-07, 47.0], "Muon_jetPtRelv2": [0.0, 1104.0], "Muon_jetRelIso": [-0.99609375, 334.0], "Muon_pfRelIso04_all": [0.0, 255.39390563964844], "Muon_pfRelIso03_all": [0.0, 241.9066925048828], "Muon_pfRelIso03_chg": [0.0, 168.83523559570312], "Muon_miniPFRelIso_all": [0.0, 195.42788696289062], "Muon_miniPFRelIso_chg": [0.0, 136.89830017089844], "Muon_tkRelIso": [0.0, 29440.0], "Muon_ptErr": [0.01806640625, 194.0], "Muon_sip3d": [0.00027179718017578125, 12688.0], "Muon_isGlobal": [0.0, 1.0], "Muon_isPFcand": [0.0, 1.0], "Muon_isTracker": [0.0, 1.0], "Muon_mediumId": [0.0, 1.0], "Muon_softId": [0.0, 1.0], "Muon_softMvaId": [0.0, 1.0], "Muon_charge": [-1.0, 1.0]}