{"Muon_cleanmask": 1.4999998368051233, "Muon_highPtId": 2.4999998631738123, "Muon_highPurity": 1.4999999550041654, "Muon_inTimeMuon": 1.4999997826320626, "Muon_isStandalone": 1.4999999230866599, "Muon_looseId": 1.499999978808828, "Muon_mediumPromptId": 1.4999995808767, "Muon_miniIsoId": 4.499999641649031, "Muon_multiIsoId": 2.499998952033965, "Muon_mvaId": 5.499998460645326, "Muon_mvaLowPtId": 2.499999958236179, "Muon_nStations": 5.499687921099122, "Muon_nTrackerLayers": 18.499862904031662, "Muon_pfIsoId": 6.499999992578724, "Muon_puppiIsoId": 3.4999996238162323, "Muon_tightCharge": 2.499999755679901, "Muon_tightId": 1.499999207638771, "Muon_tkIsoId": 2.499999991063452, "Muon_triggerIdLoose": 1.4999998413271205, "Muon_etaMinusGen": 1.5374536395073186, "Muon_phiMinusGen": 1.5289906333001906, "Muon_ptRatio": 1.3738803941664126, "Muon_dxy": 1.5703941904672176, "Muon_dxyErr": 0.6931471805599453, "Muon_dxybs": 1.5695899183321067, "Muon_dz": 1.570526966532051, "Muon_dzErr": 6.310928920589446, "Muon_ip3d": 6.907307413130631, "Muon_jetPtRelv2": 11.742901312569076, "Muon_jetRelIso": 8.703428647531318, "Muon_pfRelIso04_all": 16.027321156380022, "Muon_pfRelIso03_all": 16.19472901244318, "Muon_pfRelIso03_chg": 16.60262856737355, "Muon_miniPFRelIso_all": 8.481828702601332, "Muon_miniPFRelIso_chg": 8.474272361319597, "Muon_tkRelIso": 8.482251272479145, "Muon_ptErr": 5.267863313689218, "Muon_sip3d": 6.90875477931522, "Muon_isGlobal": 1.4999999303972738, "Muon_isPFcand": 1.499999945996863, "Muon_isTracker": 1.499999665737525, "Muon_mediumId": 1.4999998567505752, "Muon_softId": 1.4999998834526838, "Muon_softMvaId": 1.499999474520366, "Muon_charge": 1.9999993780472634}